,,,
,,,
awd,+78123,adwdda,2231
awd,+78123,adwdda,2231
,+78123,adwdda,2231
имя,919829831,,
имя,919829831,,
awdawd,123,,2
,,,
,,,
,,,
,,,
,,,
,,,
ФВ,,,
фв,,,
,,,
,,,
,,,
,,,
,,,
,aaad,,
,adad,,
,фцввфц,,
,фцвфцвя,,
,,,
,awd,,
,"+7 (999) 999-99-99",,
,"+7 (999) 999-99-99",,
,"+7 (999) 999-99-99",,
,awdwadawd,,
ААФЫВ,"+7 (999) 999-99-99",AWD32,120
Testdude,"+7 (012) 345-67-89",AIUAHWIU,200
awds,"+7 (999) 999-99-99",AOWIDH,300
AWDAWD,"+7 (999) 999-99-99",AWUDHI,1283
AWDA,"+7 (090) 999-99-99",AYWGDU,120
AWDiH,"+7 (999) 999-99-99",AWDYG,150
AWDA,"+7 (777) 777-77-77",AWDA,125
LKJLK,"+7 (999) 999-99-99",KJH21,156
LKJLK,"+7 (999) 999-99-99",KJH21,156
AWUID,"+7 (777) 777-77-77",AWDUGY,172
AWDIUH,"+7 (981) 729-83-72",IUGAWDD,1249
AWDA,"+7 (984) 719-27-32",YAGWD,871
AWDAWD,"+7 (979) 999-99-99",AWDAWD,124
